"","Adelomyia melanogenys","Aglaeactis cupripennis","Aglaiocercus coelestis","Aglaiocercus kingi","Amazilia amabilis","Amazilia amazilia","Amazilia fimbriata","Amazilia franciae","Amazilia grayi","Amazilia rosenbergi","Amazilia sapphirina","Amazilia tzacatl","Androdon aequatorialis","Anthracothorax nigricollis","Avocettula recurvirostris","Boissonneaua flavescens","Boissonneaua matthewsii","Calliphlox amethystina","Calliphlox mitchellii","Campylopterus falcatus","Campylopterus largipennis","Campylopterus villaviscensio","Chaetocercus bombus","Chaetocercus mulsant","Chalcostigma herrani","Chalcostigma ruficeps","Chalcostigma stanleyi","Chalybura buffonii","Chalybura urochrysia","Chlorestes notata","Chlorostilbon melanorhynchus","Chlorostilbon mellisugus","Chrysuronia oenone","Coeligena coeligena","Coeligena iris","Coeligena lutetiae","Coeligena torquata","Coeligena wilsoni","Colibri coruscans","Colibri delphinae","Colibri thalassinus","Damophila julie","Discosura conversii","Discosura langsdorffi","Discosura popelairii","Doryfera johannae","Doryfera ludovicae","Ensifera ensifera","Eriocnemis alinae","Eriocnemis luciani","Eriocnemis mosquera","Eriocnemis nigrivestis","Eriocnemis vestita","Eutoxeres aquila","Eutoxeres condamini","Florisuga mellivora","Glaucis aeneus","Glaucis hirsutus","Haplophaedia aureliae","Haplophaedia lugens","Heliangelus amethysticollis","Heliangelus exortis","Heliangelus micraster","Heliangelus strophianus","Heliangelus viola","Heliodoxa aurescens","Heliodoxa imperatrix","Heliodoxa jacula","Heliodoxa leadbeateri","Heliodoxa rubinoides","Heliodoxa schreibersii","Heliomaster longirostris","Heliothryx auritus","Heliothryx barroti","Klais guimeti","Lafresnaya lafresnayi","Lesbia nuna","Leucippus baeri","Leucippus chlorocercus","Lophornis chalybeus","Metallura baroni","Metallura tyrianthina","Metallura williami","Myrmia micrura","Ocreatus underwoodii","Opisthoprora euryptera","Oreotrochilus chimborazo","Patagona gigas","Phaethornis atrimentalis","Phaethornis bourcieri","Phaethornis griseogularis","Phaethornis guy","Phaethornis hispidus","Phaethornis longirostris","Phaethornis malaris","Phaethornis ruber","Phaethornis syrmatophorus","Phaethornis yaruqui","Phlogophilus hemileucurus","Polytmus theresiae","Pterophanes cyanopterus","Ramphomicron microrhynchum","Schistes geoffroyi","Taphrospilus hypostictus","Thalurania fannyi","Thalurania furcata","Thaumastura cora","Threnetes leucurus","Threnetes ruckeri","Urochroa bougueri","Urosticte benjamini","Urosticte ruficrissa"
"BA","BA","BA","BA","BA","BA","BA","CR","BA","BA","CR","BA","BA","BA","BA","CR","BA","BA","BA","CR","CR","CR","BA","BA","CR","BA","BA","BA","CR","BA","CR","BA","BA","BA","BA","BA","BA","BA","CR","CR","BA","BA","BA","BA","BA","BA","BA","BA","BA","CR","BA","BA","CR","BA","BA","BA","BA","BA","BA","BA","BA","CR","BA","CR","BA","BA","CR","BA","BA","BA","CR","CR","BA","CR","BA","BA","BA","CR","BA","BA","BA","BA","CR","CR","BA","CR","CR","BA","BA","BA","BA","BA","BA","BA","BA","CR","CR","BA","BA","CR","BA","CR","CR","BA","CR","BA","BA","BA","BA","BA","CR","BA","BA"
"BE","TH","BR","TH","TH","BE","BR","BE","BR","TH","BE","BR","BE","TH","TH","BE","BR","BR","BE","BR","BE","TH","BR","BR","TH","BR","BR","BR","BR","BR","TH","BR","BR","BE","BE","BE","TH","BR","BR","BR","TH","BR","BR","BR","BE","BR","TH","TH","BR","BR","TH","BR","TH","TH","TH","TH","BE","TH","BE","TH","BR","BE","BR","BE","BR","BR","BE","BR","BE","BE","BR","BR","BR","TH","TH","BE","BR","BE","BE","TH","BR","BR","BR","BR","NE","BR","TH","BR","TH","TH","BE","TH","BE","BR","BR","BE","TH","TH","BR","BE","TH","TH","BR","TH","TH","BR","BE","BR","BR","BE","BR","BR","BR"
"BE2","TH","BR","TH","TH","BE","BR","BE","BR","TH","BE","BE2","BE","TH2","TH","BE","BR2","BR","BE","BE2","BE","TH","BR","BR","TH","BR","BR","BR","BR","BR","BE2","BR","BR","BE","BE","BE","TH","BR","BE2","SB","TH","BR","BR","BE2","BE","BE2","TH","TH","BR","BE2","BE2","BE2","TH","BE2","TH2","TH2","TH2","TH","BE","BE2","BR","BE","BR","BE","BR","BR","BE","BR","BE","BE2","TH2","BR","BR2","TH","TH","BE","BR","BR","BE","TH","BR","BR","BR2","BR","NE","BR","TH2","BE2","TH","TH","BE","TH","BE","BR","BR","BE","TH","TH","BR","BE2","DQ","TH","BR2","BE2","CH","BR","BR","BR","BR","BE","BR","BR","BR"
"BE3","TH","BR","TH","TH","BE","BR","BE","BR","TH","BE","BR","BE","TH","TH","BE","BR","BR","BE","BR","BE","TH","BR","BR","TH","BR","BR","BR","BR","BR","TH","BR","BR","BE","BE","BE","TH","BR","BR","BR","TH","BR","BR","BR","BE","BR","TH","TH","BR","BR","TH","BR","TH","TH","TH","TH","BE","TH","BE","TH","BR","BE","BR","BE","BR","BR","BE","BR","BE","BE","BR","BR","BE3","TH","TH","BE","BR","BE3","BE","TH","BR","BR","BR3","BR","NE","BR","TH","BR","TH","TH","BE","TH","BE","BR","BR","BE","TH","TH","BR","BE","TH","TH","BE3","TH","TH","BR","BE","BR","BR","BE","BR","BR","BR"
"BR","TH","BR","TH","TH","BR","BR","TH","BR","TH","BR","BR","BR","TH","TH","BR","BR","BR","BR","BR","BR","TH","BR","BR","TH","BR","BR","BR","BR","BR","TH","BR","BR","BR","BE","CHI","TH","BR","BR","BR","TH","BR","BR","BR","BR","BR","TH","TH","BR","BR","TH","BR","TH","TH","TH","TH","TH","TH","BR","TH","BR","BR","BR","BR","BR","BR","BR","BR","TH","TH","BR","BR","BR","TH","TH","BR","BR","BR","TH","TH","BR","BR","BR","BR","NE","BR","TH","BR","TH","TH","BR","BR","TH","BR","BR","TH","TH","TH","BR","TH","TH","TH","BR","TH","TH","BR","BR","BR","BR","BR","BR","BR","BR"
"BR2","TH","BR","TH","TH","BR","BR","TH","BR","TH","BR","BR","BR","TH2","TH","BR","BR2","BR","BR","BR","BR","TH","BR","BR","TH","BR","BR","BR","BR","BR","TH","BR","BR","BR","BE","CHI","TH","BR","BR","SB","TH","BR","BR","BR","BR","BR","TH","TH","BR","BR","TH","BR","TH","TH","TH2","TH2","TH","TH","BR","TH","BR","BR","BR","BR","BR","BR","BR","BR","TH","TH","TH2","BR","BR2","TH","TH","BR","BR","BR","TH","TH","BR","BR","BR2","BR","NE","BR","TH2","BR","TH","TH","BR","BR","TH","BR","BR","TH","BR2","BR2","BR","TH","TH","TH","BR2","TH","CH","BR","BR","BR","BR","BR","BR","BR","BR"
"CH","CH","CH","BA","BA","CHI","CHI","TH","CR","CR","CH","BA","TH","TH","CR","CR","TH","TH","?","CR","?","TH","CH","NE","CR","BA","TH","CR","TH","TH","TH","TH","NAP","CR","CH","CHI","TH","CHI","CR","CH","CH","CH","CR","TH","TH","CH","CR","CR","CR","CHI","TH","TH","WM","CH","TH","TH","TH","?","CH","TH","CR","CR","CR","CR","CR","CR","TH","TH","TH","TH","TH","CHI","CH","CH","CH","CH","TH","CR","TH","CR","FH","CH","CH","BA","NE","CH","? (SB)","CR","CHI","CH","CH","CH","CH","CH","CH","CH","CH","CH","CH","CR","TH","TH","CH","CH","CH","CR","TH","TH","CH","CH","CR","CHI","TH"
"CHI","TH","CHI","CHI","CHI","CHI","CHI","TH","CHI","CR","CHI","CHI","TH","TH","TH","TH","TH","TH","TH","TH","TH","TH","TH","TH","CHI","CHI","CHI","CHI","TH","TH","CHI","TH","TH","CR","TH","CHI","TH","CHI","CHI","CH","CHI","TH","CR","TH","TH","TH","TH","TH","TH","CHI","TH","CHI","CHI","CHI","TH","TH","TH","TH","TH","TH","TH","TH","CHI","CHI","CHI","TH","CHI","TH","CHI","TH","TH","CHI","TH","TH","TH","TH","TH","TH","TH","TH","CHI","TH","CHI","TH","TH","TH","TH","CR","CHI","CHI","TH","CHI","CHI","CHI","CHI","TH","TH","CHI","CHI","CHI","TH","TH","TH","TH","TH","CR","TH","TH","CHI","CHI","TH","CHI","TH"
"CHI2","TH2","CHI2","CHI","CHI","CHI","CHI","TH","CHI","TH","CHI2","CHI","TH","TH2","TH","TH","TH","TH2","TH","TH","TH","TH","TH","TH","TH","CHI","CHI2","CHI","TH","TH","CHI","TH","TH","CR","TH2","CHI","CHI2","CHI","CHI","CH","CHI","TH","CR","TH","TH","TH","TH","TH","TH","CHI","TH","CHI","CHI","CHI","TH2","TH2","TH","TH","TH","TH","TH","TH","CHI","CHI","TH","TH","CHI","CHI2","CHI","TH","CHI2","CHI","TH","TH","TH","TH","TH","TH","TH","SB","CHI2","TH","CHI","TH","TH","TH","TH2","CR","CHI","CHI","TH","CHI","CHI","CHI","CHI","TH","TH","CHI2","CHI","CHI2","TH","TH","TH","TH","CH","CR","TH","TH","CHI","CHI","TH","CHI","TH"
"CR","CR","CR","CR","CR","CR","CR","CR","CR","CR","CR","CR","CR","CR","CR","CR","CR","CR","BA","CR","CR","CR","CR","CR","CR","FH","CR","CR","CR","CR","CR","CR","CR","CR","CR","CR","CR","CR","CR","CR","CR","BA","CR","BA","CR","CR","CR","CR","CR","CR","CR","CR","CR","CR","CR","CR","CR","CR","CR","CR","CR","CR","CR","CR","CR","CR","CR","CR","CR","CR","CR","CR","CR","CR","CR","CR","BA","CR","CR","CR","CR","CR","CR","CR","CR","CR","CR","CR","CR","CR","CR","CR","CR","CR","CR","CR","CR","CR","CR","CR","CR","CR","CR","CR","CR","CR","CR","CR","CR","BA","CR","CR","CR"
"CR2","CR","CR","CR","CR","CR","CR","CR","CR","CR","CR","CR","CR","CR","CR","CR","CR","CR","BA","CR","CR","CR","CR","CR","CR","FH","CR","CR","CR","CR","CR","CR","CR","CR","CR","CR","CR","CR","CR","CR","CR","BA","CR","BA","CR","CR","CR","CR","CR","CR","CR","CR","CR","CR","CR","CR","CR","CR","CR","CR","CR","CR","CR","CR","CR","CR","CR","CR","CR","CR","CR","CR","CR","CR","CR","CR","BA","CR","CR","CR","CR","CR","CR","CR","CR","CR","CR","CR","CR","CR","CR","CR","CR","CR","CR","CR","CR","CR","CR","CR","CR","CR","CR","CR","CR","CR","CR","CR","CR","BA","CR","CR","CR"
"DQ","DQ","BR","TH","TH","BE","DQ","DQ","BR","DQ","DQ","R1","DQ","TH","RV","DQ","BR","DQ","BE","BR","RV","TH","SB","DQ","TH","DQ","DQ","BR","DQ","DQ","DQ","BR","DQ","RV","BE","BE","RV","BR","BR","DQ","DQ","BR","DQ","BR","BE","?","RV","DQ","BR","BR","DQ","DQ","DQ","DQ","TH","DQ","BE","TH","BE","TH","BR","BR","DQ","DQ","DQ","DQ","BE","BR","DQ","BE","BR","BR","DQ","TH","TH","BE","DQ","DQ","DQ","TH","DQ","DQ","BR","RV","DQ","DQ","? (SB)","DQ","DQ","DQ","?","TH","DQ","RV","BR","BE","TH","TH","DQ","BE","DQ","DQ","DQ","DQ","DQ","RV","RV","BR","DQ","BR","DQ","BR","DQ"
"EL","EL","NAP","BA","BA","CR","EL","CR","CR","CR","CR","CR","CR","CR","CR","CR","CR","EL","EL","CR","CR","CR","EL","NE","EL","BA","BA","EL","CR","CR","CR","BA","CR","CR","EL","FH","EL","FH","EL","CR","CR","BA","CR","BA","CR","BA","CR","CR","CR","CR","EL","CR","CR","CR","TH","CR","CR","CR","CR","CR","CR","EL","CR","CR","EL","EL","CR","CR","BA","NAP","EL","CR","CR","CR","BA","EL","BA","CR","CR","CR","CR","CR","EL","EL","CR","EL","EL","CR","CR","EL","EL","EL","EL","CR","EL","EL","CR","EL","EL","CR","EL","CR","EL","EL","EL","CR","CR","CR","CR","BA","CR","EL","CR"
"FH","CR","FH","CR","CR","CR","CR","CR","CR","CR","CR","CR","CR","CR","CR","CR","CR","CR","BA","CR","CR","CR","CR","CR","CR","FH","CR","CR","CR","CR","CR","CR","CR","CR","CR","FH","CR","FH","CR","CR","CR","BA","CR","BA","CR","CR","FH","FH","CR","CHI","FH","CR","CR","CR","CR","CR","CR","CR","CR","CR","CR","FH","FH","FH","FH","FH","FH","FH","CR","CR","CR","FH","CR","CR","CR","CR","BA","CR","CR","CR","FH","CR","CR","CR","CR","CR","CR","CR","CR","CR","CR","CR","CR","CR","CR","CR","CR","CR","CR","CR","CR","CR","CR","CR","CR","CR","CR","CR","CR","BA","CR","CR","CR"
"FL","SB","BR","TH","TH","BE","BR","BE","SB","TH","BE","BR","BR","TH","SB","SB","BR","BR","BR","BR","BE","TH","SB","BR","SB","SB","SB","BR","BR","BR","TH","BR","BR","BE","BE","BE","TH","BR","BR","SB","TH","BR","BR","BR","BE","FL","TH","TH","BR","BR","TH","BR","FL","TH","TH","TH","SB","TH","BE","TH","BR","BR","BR","BE","BR","BR","BE","BR","BE","BE","BR","BR","BR","TH","TH","BE","FL","BE","BE","SB","SB","BR","BR","BR","NE","BR","SB","SB","TH","TH","BE","TH","TH","BR","BR","BE","TH","TH","TH2","BE","TH","TH","BR","TH","CH","BR","BE","SB","BR","BR","SB","BR","BR"
"GC","RE","RE","RE","RE","RE","RE","RE","RE","RE","RE","RE","RE","GC","RE","RE","RE","RE","RE","RE","RE","RE","RE","RE","RE","RE","RE","RE","RE","RE","RE","RE","RE","RE","RE","RE","GC","RE","RE","RE","BA","RE","RE","RE","RE","RE","RE","RE","RE","RE","RE","RE","RE","RE","RE","RE","BA","RE","RE","RE","RE","RE","RE","RE","RE","RE","RE","RE","RE","RE","RE","RE","BA","BA","RE","RE","RE","RE","RE","RE","RE","RE","RE","RE","RE","RE","RE","RE","BA","RE","RE","RE","BA","RE","RE","RE","RE","RE","RE","RE","RE","RE","RE","RE","RE","RE","RE","RE","RE","BA","RE","RE","RE"
"L","CR","NAP","L","L","CR","CR","CR","CR","CR","CR","CR","CR","CR","CR","CR","L","CR","L","CR","CR","CR","CR","CR","L","LCS","L","CR","CR","CR","CR","CR","CR","CR","CR","NAP","NAP","FH","L","CH","CR","BA","CR","BA","CR","CR","CR","CR","CR","CR","CR","CR","CR","CR","TH","CR","CR","CR","CR","CR","CR","CR","SA","CR","L","CR","CR","CR","BA","L","CR","L","CR","CR","CR","CR","BA","L","CR","CR","CR","CR","L","CR","CR","CR","CR","CR","CR","CR","CR","CR","CR","CR","CR","CR","CR","CR","CR","CR","CR","CR","L","L","CR","CR","CR","CR","CR","BA","CR","CR","CR"
"LCS","CR","CR","CR","CR","CR","CR","CR","CR","CR","CR","CR","CR","CR","CR","CR","CR","CR","BA","CR","CR","CR","CR","CR","CR","LCS","CR","CR","CR","CR","CR","CR","CR","CR","CR","FH","NAP","CR","CR","CR","CR","BA","CR","BA","CR","CR","CR","CR","CR","CR","CR","CR","CR","CR","BA","CR","CR","CR","CR","CR","CR","CR","CR","CR","CR","CR","CR","CR","BA","NAP","CR","CR","CR","CR","CR","CR","BA","CR","CR","CR","CR","CR","CR","CR","CR","CR","CR","CR","CR","CR","CR","CR","CR","CR","CR","CR","CR","CR","CR","CR","CR","CR","CR","CR","CR","CR","CR","CR","CR","BA","CR","CR","CR"
"MC","BA","RE","BA","BA","BA","BA","BA","BA","BA","BA","BA","BA","RE","BA","BA","BA","BA","BA","BA","BA","BA","BA","BA","BA","BA","BA","BA","BA","BA","BA","BA","BA","BA","BA","BA","SCA","BA","BA","BA","BA","BA","BA","BA","BA","BA","BA","BA","BA","BA","BA","BA","BA","BA","RE","BA","BA","BA","BA","BA","BA","BA","BA","BA","BA","BA","BA","BA","BA","BA","MC","BA","BA","BA","BA","BA","RE","BA","BA","BA","BA","BA","RE","BA","RE","BA","BA","BA","BA","BA","BA","BA","BA","BA","BA","BA","BA","BA","BA","BA","BA","RE","RE","BA","BA","RE","BA","BA","BA","BA","BA","BA","BA"
"MR","TH","CH","BA","BA","CHI","CHI","TH","CHI","CR","CHI","CHI","TH","TH","TH","TH","TH","TH","TH","TH","TH","TH","WM","TH","CR","LCS","TH","MR","TH","TH","TH","TH","TH","CR","TH","CHI","TH","CHI","CR","CH","MR","TH","CR","TH","TH","TH","TH","TH","TH","CHI","TH","CHI","WM","CR","TH","TH","TH","TH","SB","TH","TH","CR","CR","CR","TH","TH","TH","TH","TH","TH","TH","CHI","MR","MR","MR","TH","TH","TH","TH","TH","MR","CH","WM","TH","NE","TH","TH","CR","CHI","MR","MR","TH","MR","MR","MR","MR","TH","MR","MR","CHI","TH","TH","TH","TH","TH","CR","TH","TH","WM","MR","TH","CHI","TH"
"MR2","TH2","CH","BA","BA","CHI","CHI","TH","CHI","CR","CHI2","CHI","TH","TH2","TH","TH","TH","TH2","TH","TH","TH","TH","WM","TH","CR","LCS","TH2","MR","TH","TH","TH","TH","TH","CR","TH2","CHI","TH","CHI","CR","CH","MR","TH","CR","TH","TH","TH","TH","TH","TH","CHI","TH","CHI","WM","CR","TH2","TH2","TH","TH","SB","TH","TH","CR","CR","CR","TH","TH","TH","TH","TH","TH","TH2","CHI","MR","MR","MR","TH","TH","TH","TH","SB","MR","CH","WM","TH","NE","TH","TH2","CR","CHI","MR","MR","TH","MR","MR","MR","MR","TH","MR","MR","CHI2","TH","TH","TH","TH","TH","CR","TH","TH","WM","MR","TH","CHI","TH"
"NAP","CR","NAP","BA","BA","BA","BA","CR","CR","NAP","CR","CR","BA","NAP","CR","CR","BA","BA","BA","CR","CR","CR","BA","NAP","CR","BA","BA","CR","CR","CR","CR","BA","BA","CR","BA","NAP","NAP","FH","CR","CR","CR","BA","BA","BA","BA","BA","NAP","CR","CR","CR","BA","NAP","CR","CR","BA","BA","NAP","BA","NAP","NAP","CR","CR","BA","CR","BA","CR","CR","BA","BA","NAP","CR","CR","NAP","CR","BA","NAP","BA","CR","CR","CR","CR","BA","CR","CR","BA","CR","CR","CR","BA","BA","CR","NAP","CR","CR","CR","CR","CR","BA","CR","CR","CR","CR","CR","CR","CR","BA","BA","BA","CR","BA","CR","CR","BA"
"NAP2","CR","NAP","BA","BA","BA","BA","CR","CR","NAP","CR","CR","BA","NAP","CR","CR","BA","BA","BA","CR","CR","CR","BA","NAP","CR","BA","BA","CR","CR","CR","CR","BA","BA","CR","BA","NAP","NAP","FH","CR","CR","CR","BA","BA","BA","BA","BA","NAP","CR","CR","CR","BA","NAP","CR","CR","BA","BA","NAP","BA","NAP","NAP","CR","CR","BA","CR","BA","CR","CR","BA","BA","NAP","CR","CR","NAP","CR","BA","NAP","BA","CR","CR","CR","CR","BA","CR","CR","BA","CR","CR","CR","BA","BA","CR","NAP","CR","CR","CR","CR","CR","BA","CR","CR","CR","CR","CR","CR","CR","BA","BA","BA","CR","BA","CR","CR","BA"
"NE","TH","TH","TH","TH","BR","BR","TH","TH","TH","TH","NE","TH","TH","TH","TH","TH","BR","NE","NE","BR","TH","TH","NE","NE","BR","TH","BR","TH","TH","TH","TH","TH","BR","TH","CHI","TH","TH","NE","TH","TH","TH","BR","NE","TH","BR","TH","TH","NE","TH","TH","BR","TH","TH","TH","TH","TH","TH","TH","TH","TH","NE","BR","BR","NE","NE","BR","TH","TH","TH","TH","BR","TH","TH","TH","BR","TH","BR","TH","TH","BR","BR","TH","BR","NE","BR","TH","NE","TH","TH","MR","TH","TH","BR","TH","TH","TH","TH","CHI","TH","TH","TH","BR","TH","TH","CR","TH","NE","NE","BR","TH","BR","NE"
"NE2","TH2","TH","TH","TH","BR","CHI","TH","TH","TH","TH","NE","TH","TH2","TH","TH","TH","BR","NE","NE","BR","TH","TH","NE","NE","BR","TH2","BR","TH","TH","TH","TH","TH","BR","TH2","CHI","TH","TH","NE2","TH","TH","TH","BR","NE","TH","BR","TH","TH","NE","TH","TH","BR","TH","TH","TH2","TH2","TH","TH","TH","TH","TH","NE","BR","BR","NE","NE","BR","TH","TH","TH","TH2","BR","TH","TH","TH","BR","TH","BR","TH","TH","BR","BR","TH2","BR","NE","BR","TH2","NE","TH","TH","MR","TH","TH","BR","TH","TH","TH","TH","TH2","TH","TH","TH","BR2","NE2","CH","CR","TH","NE","NE","BR","TH","BR","NE"
"NE3","TH","TH","TH","TH","BR","BR","TH","TH","TH","TH","NE","TH","TH","TH","TH","TH","BR","NE","NE","BR","TH","TH","NE","NE","BR","TH","BR","TH","TH","TH","TH","TH","BR","TH","CHI","TH","TH","NE","TH","TH","TH","BR","NE","TH","BR","TH","TH","NE","TH","TH","BR","TH","TH","TH","TH","TH","TH","TH","TH","TH","NE","BR","BR","NE","NE","BR","TH","TH","TH","TH","BR","TH","TH","TH","BR","TH","BR","TH","TH","BR","BR","TH","BR","NE","BR","TH","NE","TH","TH","MR","TH","TH","BR","TH","TH","TH","TH","CHI","TH","TH","TH","BR","NE3","TH","CR","TH","NE","NE","BR","TH","BR","NE"
"NE4","TH","TH","TH","TH","BR","BR","TH","TH","TH","TH","NE","TH","TH","TH","TH","TH","BR","NE","NE","BR","TH","TH","NE","NE","BR","TH","BR","TH","TH","TH","TH","TH","BR","TH","CHI","TH","TH","NE","TH","TH","TH","BR","NE","TH","BR","TH","TH","NE","TH","TH","BR","TH","TH","TH","TH","TH","TH","TH","TH","TH","NE","BR","BR","NE","NE","BR","TH","TH","TH","TH","BR","TH","TH","TH","BR","TH","BR","TH","TH","BR","BR","TH","BR","NE","BR","TH","NE","TH","TH","MR","TH","TH","BR","TH","TH","TH","TH","CHI","TH","TH","TH","BR","NE4","TH","CR","TH","NE","NE","BR","TH","BR","NE"
"PC","RE","RE","RE","RE","RE","RE","RE","RE","RE","RE","RE","BA","RE","RE","RE","BA","BA","RE","RE","RE","RE","RE","RE","RE","RE","RE","RE","RE","RE","RE","RE","RE","RE","RE","RE","RE","RE","RE","RE","RE","RE","BA","RE","RE","RE","RE","RE","RE","RE","BA","RE","RE","RE","RE","RE","RE","RE","RE","BA","RE","RE","RE","RE","RE","BA","RE","RE","RE","BA","RE","RE","BA","BA","RE","RE","RE","BA","RE","RE","RE","RE","RE","RE","RE","RE","RE","RE","BA","RE","RE","RE","RE","RE","RE","RE","RE","RE","RE","BA","RE","RE","RE","RE","RE","RE","RE","RE","RE","BA","RE","RE","BA"
"R1","R1","R1","R1","R1","R1","R1","R1","R1","R1","R1","R1","R1","R1","R1","R1","R1","R1","R1","R1","R1","R1","R1","R1","R1","R1","R1","R1","R1","R1","R1","R1","R1","R1","R1","RU","R1","R1","R1","R1","R1","R1","R1","R1","R1","R1","R1","R1","R1","R1","R1","R1","R1","R1","R1","R1","R1","R1","R1","R1","R1","R1","UT","R1","R1","R1","R1","R1","R1","R1","R1","R1","R1","R1","R1","R1","R1","R1","R1","R1","R1","R1","R1","R1","RU","CR","R1","R1","R1","R1","R1","R1","R1","R1","R1","R1","R1","R1","R1","R1","R1","R1","R1","R1","R1","R1","R1","R1","R1","R1","R1","R1","R1"
"R12","R1","R1","R1","R1","R1","R1","R1","R1","R1","R1","R1","R12","R12","R1","R1","R1","R1","R1","R1","R12","R1","R1","R1","R1","R1","R1","R1","R1","R1","R1","R1","R1","R1","R1","RU","R1","R1","R1","R12","R12","R12","R1","R1","R1","R1","R1","R12","R1","R1","R1","R1","R1","R1","R12","R4","R1","R12","R12","R1","R1","R1","UT","R1","R1","R1","R1","R1","R1","R1","R1","R1","R1","R1","R1","R1","R1","R1","R1","R1","R1","R1","R1","R1","RU","CR","R1","R1","R1","R12","R12","R12","R12","R12","R12","R12","R12","R12","R12","R1","R1","R1","R1","R1","R1","R1","R1","R12","R1","R12","R1","R12","R12"
"R13","R1","R1","R1","R1","R1","R1","R1","R1","R1","R1","R1","R1","R1","R1","R1","R1","R1","R1","R1","R1","R1","R1","R1","R1","R1","R1","R1","R1","R1","R1","R1","R1","R1","R1","RU","R1","R1","R1","R1","R1","R1","R1","R1","R1","R1","R1","R1","R1","R1","R1","R1","R1","R1","R1","R1","R1","R1","R1","R1","R1","R1","UT","R1","R1","R1","R1","R1","R1","R1","R1","R1","R1","R1","R1","R1","R1","R1","R1","R1","R1","R1","R1","R1","RU","CR","R1","R1","R1","R1","R1","R1","R1","R1","R1","R13","R1","R1","R1","R1","R1","R1","R1","R1","R1","R1","R1","R1","R1","R1","R1","R1","R1"
"R2","R1","R1","R1","R1","R1","R1","R1","R1","R1","R2","R1","R1","R1","R2","R1","R2","R2","R1","R1","R1","R1","R2","R1","R2","R1","R1","R1","R1","R1","R1","R1","R1","R1","R1","RU","R1","R2","R1","R1","R1","R1","R1","R1","R1","R1","R1","R1","R1","R1","R1","R1","R1","R1","R1","R1","R2","R1","R2","R1","R1","R1","R2","R2","R1","R2","R1","R1","R1","R1","R1","R1","R1","R1","R1","R1","R2","R1","R1","R1","R1","R1","R1","R1","R2","CR","R2","R1","R1","R1","R2","R1","R1","R1","R1","R1","R1","R2","R1","R2","R1","R1","R1","R2","R1","R1","R1","R1","R2","R1","R2","R1","R1"
"R3","R1","R1","R1","R1","R1","R1","R1","R1","R1","R2","R1","R1","R1","R2","R1","R2","R2","R3","R1","R1","R3","R2","R1","R2","R1","R1","R1","R1","R1","R1","R1","R1","R1","R1","RU","R1","R2","R1","R1","R1","R1","R1","R1","R1","R1","R1","R1","R1","R1","R1","R1","R1","R1","R1","R1","R2","R1","R2","R1","R1","R1","R2","R2","R1","R2","R1","R1","R1","R1","R1","R1","R1","R3","R3","R3","R2","R1","R1","R1","R1","R1","R1","R1","R2","CR","R2","R2","R1","R1","R2","R1","R1","R1","R1","R1","R1","R1","R1","R2","R1","R1","R1","R2","R1","R1","R1","R1","R2","R1","R2","R3","R1"
"R4","R1","R1","R1","R1","R1","R1","R1","R1","R1","R2","R1","R1","R1","R2","R1","R2","R2","R3","R1","R1","R3","R2","R1","R2","R1","R1","R1","R1","R1","R1","R1","R1","R1","R1","RU","R1","R2","R1","R1","R1","R1","R1","R1","R4","R1","R1","R1","R1","R1","R1","R1","R1","R1","R4","R4","R2","R1","R2","R1","R1","R1","R2","R2","R1","R2","R1","R4","R1","R1","R1","R1","R1","R3","R3","R3","R2","R1","R1","R1","R1","R1","R1","R1","R2","CR","R2","R2","R1","R1","R2","R1","R1","R1","R1","R1","R1","R1","R1","R2","R1","R1","R1","R2","R1","R1","R1","R1","R2","R1","R2","R3","R1"
"R5","R1","R1","R1","R1","R1","R1","R1","R1","R1","R2","R1","R1","R1","R2","R1","R2","R2","R3","R1","R1","R3","R2","R1","R2","R1","R1","R1","R1","R1","R1","R1","R1","R1","R1","RU","R1","R2","R1","R1","R1","R1","R1","R1","R4","R1","R1","R1","R1","R1","R1","R5","R1","R1","R4","R4","R2","R1","R2","R1","R1","R1","R2","R2","R1","R2","R1","R4","R1","R1","R1","R1","R1","R3","R3","R3","R2","R1","R1","R1","R1","R1","R1","R1","R2","R5","R2","R3","R1","R1","R2","R1","R1","R1","R1","R1","R1","R1","R1","R2","R1","R1","R1","R2","R1","R1","R1","R1","R2","R1","R2","R3","R1"
"R52","R32","R1","R52","R52","R1","R1","R1","R1","R1","R2","R1","R12","R12","R2","R1","R1","R1","R3","R1","R12","R32","R2","R1","R2","R32","R1","R1","R1","R1","R1","R1","R1","R1","R1","RU","R1","R22","R1","R12","R12","R12","R1","R42","R4","R1","R1","R12","R1","R1","R1","R5","R1","R1","R12","R4","R22","R12","R12","R1","R1","R1","R2","R2","R1","R2","R1","R4","R1","R1","R1","R1","R32","R3","R3","R32","R1","R32","R1","R1","R1","R1","R1","R1","R2","R5","R22","R3","R1","R12","R22","R12","R12","R12","R12","R12","R12","R1","R12","R22","R1","R1","R1","R22","R1","R1","R1","R1","R22","R12","R1","R3","R1"
"RE","RE","RE","RE","RE","RE","RE","RE","RE","RE","RE","RE","RE","RE","RE","RE","RE","RE","RE","RE","RE","RE","RE","RE","RE","RE","RE","RE","RE","RE","RE","RE","RE","RE","RE","RE","RE","RE","RE","RE","RE","RE","RE","RE","RE","RE","RE","RE","RE","RE","RE","RE","RE","RE","RE","RE","RE","RE","RE","RE","RE","RE","RE","RE","RE","RE","RE","RE","RE","RE","RE","RE","RE","RE","RE","RE","RE","RE","RE","RE","RE","RE","RE","RE","RE","RE","RE","RE","RE","RE","RE","RE","RE","RE","RE","RE","RE","RE","RE","RE","RE","RE","RE","RE","RE","RE","RE","RE","RE","RE","RE","RE","RE"
"RU","BA","RU","RU","RU","RU","RU","CR","RU","BA","CR","RU","BA","RU","BA","CR","BA","RU","BA","CR","RU","CR","BA","RU","CR","RU","BA","BA","CR","RU","CR","BA","BA","RU","RU","RU","RU","BA","CR","CR","RU","RU","RU","RU","RU","RU","RU","BA","BA","CR","BA","RU","CR","RU","RU","RU","BA","BA","RU","RU","RU","CR","BA","CR","RU","BA","CR","BA","BA","BA","CR","RU","BA","RU","BA","RU","BA","CR","BA","RU","RU","BA","CR","CR","RU","CR","CR","RU","RU","BA","RU","BA","BA","RU","RU","RU","CR","RU","RU","CR","BA","CR","CR","BA","RU","BA","BA","BA","BA","RU","RU","BA","BA"
"RU2","BA","RU","RU","RU","RU","RU","CR","RU","BA","CR","RU","BA","RU2","BA","CR","BA","RU","RU2","CR","RU","CR","BA","RU2","CR","RU","BA","BA","CR","RU","CR","BA","BA","RU","RU","RU","RU","BA","CR","CR","RU","RU","RU","RU","RU","RU2","RU","BA","BA","CR","BA","RU","CR","RU","RU2","RU","BA","BA","RU","RU","RU","CR","BA","CR","RU","BA","CR","BA","BA","BA","CR","RU","BA","RU","BA","RU","BA","CR","BA","RU","RU","BA","CR","CR","RU","CR","CR","RU","RU","BA","RU","BA","BA","RU","RU","RU","CR","RU","RU","CR","BA","CR","CR","BA","RU","BA","BA","BA","BA","RU","RU","BA","BA"
"SA","CR","NAP","BA","BA","CR","CR","CR","CR","CR","CR","CR","CR","CR","CR","CR","CR","CR","BA","CR","CR","CR","CR","CR","CR","LCS","CR","CR","CR","CR","CR","CR","CR","CR","CR","FH","NAP","FH","CR","CR","CR","BA","CR","BA","CR","CR","CR","CR","CR","CR","CR","CR","CR","CR","CR","CR","CR","CR","CR","CR","CR","CR","SA","CR","CR","CR","CR","CR","BA","NAP","CR","CR","CR","CR","CR","CR","BA","CR","CR","CR","CR","CR","CR","CR","CR","CR","CR","CR","CR","CR","CR","CR","CR","CR","CR","CR","CR","CR","CR","CR","CR","CR","CR","CR","CR","CR","CR","CR","CR","BA","CR","CR","CR"
"SB","SB","BR","TH","TH","BR","BR","TH","SB","TH","BR","BR","BR","TH","SB","SB","BR","BR","BR","BR","BR","TH","SB","BR","SB","SB","SB","BR","BR","BR","TH","BR","BR","BR","BE","CHI","TH","BR","BR","SB","TH","BR","BR","BR","BR","FL","TH","TH","BR","BR","TH","BR","TH","TH","SB","TH","SB","TH","SB","TH","BR","BR","BR","BR","BR","BR","BR","BR","TH","BE","BR","BR","BR","TH","TH","BR","TH","BR","TH","SB","SB","BR","BR","BR","NE","BR","SB","SB","TH","TH","BR","TH","SB","BR","BR","TH","TH","TH","TH2","CHI","TH","TH","BR","TH","CH","BR","BR","SB","BR","BR","SB","BR","BR"
"SCA","BA","RE","BA","BA","BA","BA","BA","BA","BA","BA","BA","BA","SCA","BA","BA","BA","BA","BA","BA","BA","BA","BA","BA","BA","BA","BA","BA","BA","BA","BA","BA","BA","BA","BA","BA","SCA","BA","BA","BA","BA","BA","BA","BA","BA","BA","BA","BA","BA","BA","BA","BA","BA","BA","BA","BA","BA","BA","BA","BA","BA","BA","BA","BA","BA","BA","BA","BA","BA","BA","MC","BA","BA","BA","BA","BA","BA","BA","BA","BA","BA","BA","BA","BA","BA","BA","BA","BA","BA","BA","BA","BA","BA","BA","BA","BA","BA","BA","BA","BA","BA","BA","BA","BA","BA","BR","BA","BA","BA","BA","BA","BA","BA"
"TH","TH","TH","TH","TH","TH","TH","TH","TH","TH","TH","TH","TH","TH","TH","TH","TH","TH","TH","TH","TH","TH","TH","TH","TH","TH","TH","TH","TH","TH","TH","TH","TH","CR","TH","CHI","TH","TH","TH","TH","TH","TH","CR","TH","TH","TH","TH","TH","TH","TH","TH","TH","TH","TH","TH","TH","TH","TH","TH","TH","TH","TH","TH","TH","TH","TH","TH","TH","TH","TH","TH","TH","TH","TH","TH","TH","TH","TH","TH","TH","TH","TH","TH","TH","TH","TH","TH","CR","TH","TH","TH","TH","TH","CHI","TH","TH","TH","TH","CHI","TH","TH","TH","TH","TH","TH","CR","TH","TH","TH","TH","TH","TH","TH"
"TH2","TH2","TH","TH","TH","TH","CHI","TH","TH","TH","TH","TH","TH","TH2","TH","TH","TH","TH2","TH","TH","TH","TH","TH","TH","TH","TH","TH2","TH","TH","TH","TH","TH","TH","CR","TH2","TH2","TH","TH","TH","TH","TH","TH","CR","TH","TH","TH","TH","TH","TH","TH","TH","TH","TH","TH","TH2","TH2","TH","TH","TH","TH","TH","TH","TH","TH","TH","TH","TH","TH","TH","TH","TH2","TH2","TH","TH","TH","TH","TH","TH","TH","SB","TH","TH","TH2","TH","TH","TH","TH2","CR","TH","TH","TH","TH","TH","TH2","TH","TH","TH","TH","TH2","TH","TH","TH","TH","TH","CH","CR","TH","TH","NE","TH","TH","TH","TH"
"UT","BA","UT","UT","UT","UT","R1","CR","RU","BA","R1","R1","UT","UT","BA","CR","R1","UT","BA","CR","RU","CR","R1","RU","CR","UT","BA","UT","CR","R1","UT","BA","UT","R1","UT","RU","UT","R1","R1","CR","UT","RU","BA","UT","BA","BA","UT","UT","BA","CR","BA","RU","UT","RU","RU","RU","BA","BA","RU","UT","RU","R1","UT","CR","RU","BA","CR","R1","UT","R1","UT","RU","BA","RU","BA","RU","BA","CR","BA","RU","UT","BA","CR","CR","RU","CR","CR","RU","RU","UT","RU","UT","BA","RU","RU","RU","UT","RU","RU","CR","UT","UT","CR","UT","RU","BA","BA","UT","R1","RU","RU","BA","BA"
"WM","TH","CH","BA","BA","CHI","CHI","TH","CR","CR","CH","BA","TH","TH","WM","TH","TH","TH","?","TH","TH","TH","WM","TH","CR","BA","TH","CR","TH","TH","TH","TH","WM","CR","TH","CHI","TH","CHI","CR","CH","CH","TH","CR","TH","TH","TH","TH","TH","CR","CHI","TH","TH","WM","CR","TH","TH","TH","TH","WM","TH","CR","CR","CR","CR","CR","TH","TH","TH","TH","TH","TH","CHI","CH","CH","WM","TH","TH","CR","TH","TH","FH","CH","WM","TH","NE","CH","? (SB)","CR","CHI","CH","WM","CHI","CHI","WM","WM","WM","TH","CH","WM","CHI","TH","TH","CH","CH","CH","CR","TH","TH","WM","CH","CR","CHI","TH"
"WM2","TH2","CH","BA","BA","CHI","CHI","TH","CR","CR","CH","BA","TH","TH2","WM","TH","TH","TH2","?","TH","TH","TH","WM","TH","CR","BA","TH2","CR","TH","TH","TH","TH","WM","CR","TH2","CHI","TH","CHI","CR","CH","CH","TH","CR","TH","TH","TH","TH","TH","CR","CHI","TH","TH","WM","CR","TH2","TH2","TH","TH","WM","TH","CR","CR","CR","CR","CR","TH","TH","TH","TH","TH","TH2","CHI","CH","CH","CR","TH","TH","CR","TH","SB","FH","CH","WM","TH","NE","CH","? (SB)","CR","CHI","CH","WM","CHI","CHI","WM","WM","WM","TH","CH","WM","CHI2","TH","TH","CH","CH","CH","CR","TH","TH","WM","CH","CR","CHI","TH"
